id,scores,note
1,11111,#1明显相关：9/27 习近平访美后续（王毅评价），属当月要闻；#2勉强相关（**裁决为相关**：汇总页但提供可用内容，符合判据）：9/28『每日推送20条』热点汇总页：对题但为自动化聚合；#3勉强相关（**裁决为相关**：汇总页但提供可用内容，符合判据）：9/17 今日头条『每日新闻热点』汇总页：对题但为聚合；#4勉强相关（**裁决为相关**：汇总页但提供可用内容，符合判据）：9/1 时政热点汇总（考试辅导类汇编）：对题但为汇总页；#5勉强相关（**裁决为相关**：汇总页但提供可用内容，符合判据）：9/26 新闻速览（微博详情页）：对题但为汇总
2,01000,#1不相关：AI日报『栏目页』（只介绍栏目功能），无最近一周具体动态；#2勉强相关［**承重项**：改判 0 会使该查询 ≤3］：知乎『AI行业发展一周动态』周报：对题，但摘要含 2025 年内容，时效可疑；#3不相关：AI消息周报『栏目页』（描述栏目功能），无某期具体内容；#4不相关：知乎 AI 周刊（6.9-6.15）：不是最近一周；#5不相关：AI工具集『每日AI资讯』栏目页，摘要为 2023 年内容（与校准集同一条）
3,11111,#1明显相关：路透讨论半导体出口管制最新进展；#2明显相关：律所文章标题即『最新半导体出口管制』；#3明显相关：朝日新闻报道中国回应最新管制；#4勉强相关（经确认不影响门槛）：对题但为 2025-05 旧文（查询含 latest）；#5明显相关：2026-03 出口管制新规草案报道
4,11111,#1勉强相关（经确认不影响门槛）：抖音短视频引流页：对题（森拉克最新路径）但信息量低；#2明显相关：杭州本地宝：台风紫檀实时路径更新；#3明显相关：广州本地宝：台风红霞实时路径/登陆时间；#4明显相关：羊城晚报：台风白海豚最新消息；#5明显相关：中央气象台台风网：权威实时路径入口
5,11111,#1明显相关：2026 美国关税最新消息（货代公司解读）；#2勉强相关（经确认不影响门槛）：对题，但页面尾部混入『西安碑林区…』垃圾注入文本，可引用性需人工确认；#3明显相关：搜狐：2026 关税新政深度解读；#4明显相关：UPS：第 122 条关税政策与影响；#5勉强相关（经确认不影响门槛）：100ec：关税新政对 Temu/Shein 影响，标题不完整
6,11111,#1明显相关：博客园：3.13/3.14 新特性汇总；#2明显相关：Python 3.13 官方文档镜像（sdx.cool）；#3明显相关：python.org 官方『3.13 有什么新变化』；#4明显相关：GitHub 周刊 issue：3.13 七大类型注解新特性；#5明显相关：CSDN：3.13 新特性详解
7,11111,#1明显相关：2026-07-28 MCP 规范解读；#2勉强相关（经确认不影响门槛）：对题（MCP 2026-07-28 规范）但为韩文内容，可读性受限；#3明显相关：LinkedIn：MCP 2026-07-28 规范介绍；#4明显相关：MCP 官方博客：2026-07-28 规范；#5明显相关：MCP 官方博客：规范发布候选版
8,11111,#1明显相关：Flask/Django/FastAPI 对比（含性能）；#2明显相关：FastAPI vs Django 性能对比专文；#3明显相关：Django 与 FastAPI 架构对比；#4明显相关：思否：Django 与 FastAPI 架构对比（与第 3 条同文转载）；#5明显相关：CSDN：Django vs FastAPI 高并发实测对比
9,11111,#1明显相关：HTTP/3 连接 ID 机制；#2明显相关：HTTP/3 与 QUIC 对 Web 的意义；#3明显相关：图解 HTTP/3 over QUIC 工作原理；#4明显相关：Medium：QUIC/HTTP3 原理解读；#5勉强相关（经确认不影响门槛）：TechTarget 讲『HTTP 是什么』，未覆盖 HTTP/3/QUIC，仅部分交集
10,11111,#1明显相关：Rust Async + Tokio 入门与原理；#2明显相关：Tokio 运行时原理与 async-await 底层机制；#3明显相关：Tokio 多线程调度架构原理与实践；#4明显相关：Tokio 异步运行时原理剖析（源码层）；#5明显相关：Tokio Runtime 架构剖析：一个 Task 的旅程
11,11111,#1勉强相关（经确认不影响门槛）：smzdm：补贴退坡讨论，但摘要为相关文章列表（聚合特征）；#2明显相关：toolcool：2026 补贴政策全解读（国补地补+购置税）；#3明显相关：今日头条：官方文件核心解读；#4明显相关：搜狐：2026 补贴新政深度解读；#5明显相关：有驾：国补出炉与补贴额度
12,11111,#1明显相关：收录《数据出境安全评估办法》条文；#2明显相关：办法全文文档（墨天轮）；#3明显相关：办法原文（2022 施行）；#4勉强相关（经确认不影响门槛）：美国之音 2022 年评论：查询含『最新』，时效旧；#5明显相关：网信办申报指南（第三版，2025-06）
13,11111,#1明显相关：EU AI Act 合规指南（要求/时间线）；#2明显相关：Microsoft Trust Center：合规说明；#3明显相关：compliquest：合规指南 2026；#4明显相关：modelop：法规摘要与合规要求；#5明显相关：Sinaptic.AI：合规指南
14,11111,#1明显相关：知乎：专项附加扣除标准；#2明显相关：税务总局：三项扣除标准提高（官方）；#3明显相关：腾讯新闻：2026 扣除标准与填报流程；#4明显相关：每经：各项目扣除标准；#5明显相关：光明网：确认截止与扣除标准
15,11110,#1明显相关：Lexology：FTC 强化儿童在线隐私规则；#2明显相关：Digiday：COPPA 更新与儿童版 Instagram；#3明显相关：COPPA Rule Update 2026：变化与合规清单；#4勉强相关［**承重项**：改判 0 会使该查询 ≤3］：WSJ 2021 年报道：参议员称需更新（时效旧）；#5不相关：学校隐私政策中的 COPPA 声明页：不是法律更新
16,01110,#1不相关：京东 iPhone 8 参数页（型号不符）；#2明显相关：Kalvo：iPhone 17 Pro 参数/价格/评测；#3明显相关：ZOL：iPhone 17 Pro 报价/参数；#4明显相关：ZOL：iPhone 17 Pro 256GB 报价/参数；#5不相关：京东『苹果8x参数』页（型号不符/二手回收）
17,11111,#1勉强相关（经确认不影响门槛）：TikTok 短视频页：对题但内容形态不适合引用；#2明显相关：What Hi-Fi：2026 廉价降噪耳机专家测试；#3明显相关：Rolling Stone：2026 最佳降噪耳机；#4明显相关：Trusted Reviews：2026 最佳降噪耳机；#5明显相关：What Hi-Fi：2026 最佳降噪耳机（实测）
18,11111,#1明显相关：B站：2026 年扫地机器人推荐（性价比篇）；#2明显相关：新浪：石头 P20 Max 同价位对比；#3明显相关：什么值得买：全价位扫地机器人对比；#4明显相关：搜狐：4 款高性价比机型对比；#5明显相关：知乎：全价位扫地机器人强强对比
19,11111,#1明显相关：hardwarerk：RTX 5090 价格/规格/跑分；#2明显相关：gpuprix：RTX 5090 价格历史；#3明显相关：爱企查（百度）：5090 国内价格；#4明显相关：vramglass：5090 价格与二手行情；#5明显相关：technical.city：5090 规格与跑分
20,11111,#1明显相关：凤凰网：摩尔线程发新卡 MTT S4000；#2明显相关：搜狐：摩尔线程 MDC 最新爆料汇总；#3明显相关：硬件之家：MTT S70 售价与参数；#4明显相关：今日头条：最新芯片 MTT S4000 性能；#5明显相关：快科技：摩尔线程 S90 首曝
