id,scores,note
1,11111,#1SBS(1)；#2外交部记者会(1)；#3NYT(1)；#4RFI(1)；#5DW(1)
2,00000,#1-5 nocache(npm/SO/GitHub/Yarn)(0,主题不符)；已标 no_relevant_results
3,11111,#1Carnegie(1)；#2CSIS(1)；#3Korea JoongAng(1)；#4VOA(1)；#5arirang芯片出口(1)
4,11111,5条均为台风路径/最新消息
5,11111,5条均为美国关税政策/影响内容
6,11011,#1知乎(1)；#2docs.python.org(1)；#3docker镜像页(0)；#4Trey Hunner(1)；#5Phoronix(1)
7,11110,#1-4为MCP 2026-07-28规格内容；#5Myceloom协议(0)
8,11111,5条均为FastAPI vs Django对比
9,11111,5条均为HTTP/3与QUIC原理内容
10,11111,5条均为Tokio runtime原理内容
11,11111,5条均为2026新能源补贴政策内容
12,11111,5条均为数据出境安全评估办法内容
13,11111,5条均为EU AI Act合规内容
14,11111,5条均为个税专项附加扣除标准内容
15,11110,#4Wheeler School隐私政策(0)；其余为COPPA法规/更新内容
16,11101,#4淘宝数码网首页(0)；其余为iPhone 17 Pro价格/参数内容
17,11111,5条均为降噪耳机2026评测
18,11011,#3内蒙古永佳商贸工业扫地机(0)；其余为扫地机器人推荐/评测
19,11111,5条均为RTX 5090跑分/价格内容
20,11111,5条均为摩尔线程型号/价格内容
